{
  "generated": "2026-06-05T13:28:11.767Z",
  "patches": {
    "sos-flute-c4": {
      "rmsdb": -34.21740070739875,
      "peakdb": -11.35506222555707,
      "length": 99225,
      "samplerate": 44100,
      "centroidhz": 1730.3851692043004,
      "bandlow": 0.23320711378540404,
      "bandmid": 0.6780597911972328,
      "bandhigh": 0.08873309501736325
    },
    "sos-clarinet-c4": {
      "rmsdb": -34.380611495633275,
      "peakdb": -10.566057349964035,
      "length": 99225,
      "samplerate": 44100,
      "centroidhz": 1730.3851692043004,
      "bandlow": 0.23320711378540404,
      "bandmid": 0.6780597911972328,
      "bandhigh": 0.08873309501736325
    },
    "sos-brass-c4": {
      "rmsdb": -35.678651732005655,
      "peakdb": -14.618453958079991,
      "length": 99225,
      "samplerate": 44100,
      "centroidhz": 1730.3851692043004,
      "bandlow": 0.23320711378540404,
      "bandmid": 0.6780597911972328,
      "bandhigh": 0.08873309501736325
    },
    "sos-panpipe-c4": {
      "rmsdb": -34.29110111716642,
      "peakdb": -11.250759610916493,
      "length": 99225,
      "samplerate": 44100,
      "centroidhz": 1730.3851692043004,
      "bandlow": 0.23320711378540404,
      "bandmid": 0.6780597911972328,
      "bandhigh": 0.08873309501736325
    },
    "sos-piano-c3": {
      "rmsdb": -41.24126473497769,
      "peakdb": -20.966775393747,
      "length": 77175,
      "samplerate": 44100,
      "centroidhz": 1863.3011483250193,
      "bandlow": 0.38869599576568864,
      "bandmid": 0.5149030376615689,
      "bandhigh": 0.09640096657274264
    },
    "sos-epiano-c4": {
      "rmsdb": -33.11359092087634,
      "peakdb": -12.242168283625372,
      "length": 77175,
      "samplerate": 44100,
      "centroidhz": 2359.4513543580765,
      "bandlow": 0.22760810874317838,
      "bandmid": 0.6504246323923646,
      "bandhigh": 0.12196725886445703
    },
    "sos-violin-g4": {
      "rmsdb": -35.06692377862714,
      "peakdb": -10.777899555168755,
      "length": 121275,
      "samplerate": 44100,
      "centroidhz": 1730.3851692043004,
      "bandlow": 0.23320711378540404,
      "bandmid": 0.6780597911972328,
      "bandhigh": 0.08873309501736325
    },
    "sos-viola-c4": {
      "rmsdb": -35.034625343214586,
      "peakdb": -11.429876454661155,
      "length": 121275,
      "samplerate": 44100,
      "centroidhz": 1730.3851692043004,
      "bandlow": 0.23320711378540404,
      "bandmid": 0.6780597911972328,
      "bandhigh": 0.08873309501736325
    },
    "sos-tonewheel-c3": {
      "rmsdb": -43.874649974564626,
      "peakdb": -20.848554898922202,
      "length": 99225,
      "samplerate": 44100,
      "centroidhz": 1730.3851692043004,
      "bandlow": 0.23320711378540404,
      "bandmid": 0.6780597911972328,
      "bandhigh": 0.08873309501736325
    },
    "sos-drawbar-c3": {
      "rmsdb": -34.22716545609119,
      "peakdb": -10.762821792010795,
      "length": 99225,
      "samplerate": 44100,
      "centroidhz": 1730.3851692043004,
      "bandlow": 0.23320711378540404,
      "bandmid": 0.6780597911972328,
      "bandhigh": 0.08873309501736325
    },
    "sos-timpani-c2": {
      "rmsdb": -36.18088916233305,
      "peakdb": -15.674420277770679,
      "length": 99225,
      "samplerate": 44100,
      "centroidhz": 3441.0301611573477,
      "bandlow": 0.14007179011646032,
      "bandmid": 0.6537823492920734,
      "bandhigh": 0.20614586059146633
    },
    "sos-string-c4": {
      "rmsdb": -35.144721660175854,
      "peakdb": -11.377851306012854,
      "length": 121275,
      "samplerate": 44100,
      "centroidhz": 1730.3851692043004,
      "bandlow": 0.23320711378540404,
      "bandmid": 0.6780597911972328,
      "bandhigh": 0.08873309501736325
    }
  }
}
