{
  "patches": {
    "square-c4": {
      "rmsdb": -16.432815549938308,
      "peakdb": -5.449901387754935,
      "length": 72000,
      "samplerate": 48000,
      "centroidhz": 2998.120277487259,
      "bandlow": 0.3998219326608078,
      "bandmid": 0.35552067622251077,
      "bandhigh": 0.24465739111668147
    },
    "pulse-c4": {
      "rmsdb": -15.468147516346274,
      "peakdb": -5.278629626818741,
      "length": 72000,
      "samplerate": 48000,
      "centroidhz": 4008.3779015784703,
      "bandlow": 0.3695321997805525,
      "bandmid": 0.3287051516850872,
      "bandhigh": 0.3017626485343604
    },
    "amsine-c4": {
      "rmsdb": -18.947137523998133,
      "peakdb": -5.738595551760203,
      "length": 72000,
      "samplerate": 48000,
      "centroidhz": 1604.6890484887258,
      "bandlow": 0.7535195442863133,
      "bandmid": 0.13741523552951168,
      "bandhigh": 0.10906522018417496
    },
    "fmsine-c4": {
      "rmsdb": -16.573877869947157,
      "peakdb": -4.162448956844086,
      "length": 72000,
      "samplerate": 48000,
      "centroidhz": 2951.09049736693,
      "bandlow": 0.5176647499274584,
      "bandmid": 0.2746834069607765,
      "bandhigh": 0.20765184311176513
    },
    "fmsquare-c4": {
      "rmsdb": -15.026520200780531,
      "peakdb": -4.561568728170452,
      "length": 72000,
      "samplerate": 48000,
      "centroidhz": 3913.488198314845,
      "bandlow": 0.3636881771295594,
      "bandmid": 0.3437714547821627,
      "bandhigh": 0.29254036808827794
    },
    "fmtriangle-c4": {
      "rmsdb": -17.93206691797871,
      "peakdb": -4.22003473339178,
      "length": 72000,
      "samplerate": 48000,
      "centroidhz": 2996.829698629428,
      "bandlow": 0.48640452322933275,
      "bandmid": 0.3053757491378231,
      "bandhigh": 0.20821972763284416
    },
    "fmsawtooth-c4": {
      "rmsdb": -21.386035844678535,
      "peakdb": -5.545011776959551,
      "length": 72000,
      "samplerate": 48000,
      "centroidhz": 3737.603899884416,
      "bandlow": 0.26440295985734086,
      "bandmid": 0.4347532278055184,
      "bandhigh": 0.30084381233714075
    },
    "fatsawtooth-c4": {
      "rmsdb": -22.007882109689856,
      "peakdb": -6.277731675279564,
      "length": 72000,
      "samplerate": 48000,
      "centroidhz": 4673.7191963978885,
      "bandlow": 0.12941729887588635,
      "bandmid": 0.4668943198681979,
      "bandhigh": 0.40368838125591583
    },
    "fatsine-c4": {
      "rmsdb": -19.24618841079484,
      "peakdb": -5.505151559203792,
      "length": 72000,
      "samplerate": 48000,
      "centroidhz": 3327.1627231664406,
      "bandlow": 0.5164162707524375,
      "bandmid": 0.2446333591877885,
      "bandhigh": 0.23895037005977401
    },
    "bells-c4": {
      "rmsdb": -21.743241371087507,
      "peakdb": -6.036322776173836,
      "length": 84000,
      "samplerate": 48000,
      "centroidhz": 11704.994784551427,
      "bandlow": 0.1951586422610613,
      "bandmid": 0.037196745024529854,
      "bandhigh": 0.7676446127144089
    },
    "doot-c4": {
      "rmsdb": -23.788805130218655,
      "peakdb": -6.037494502203822,
      "length": 72000,
      "samplerate": 48000,
      "centroidhz": 864.0618100467703,
      "bandlow": 0.35837353675812533,
      "bandmid": 0.6249706999100061,
      "bandhigh": 0.0166557633318686
    },
    "retro-c4": {
      "rmsdb": -22.498725601939174,
      "peakdb": -6.47493688102461,
      "length": 72000,
      "samplerate": 48000,
      "centroidhz": 7557.683753284678,
      "bandlow": 0.0036059215088367074,
      "bandmid": 0.2760131591314726,
      "bandhigh": 0.7203809193596906
    },
    "buzz-c4": {
      "rmsdb": -23.543604857320474,
      "peakdb": -5.689113876248337,
      "length": 72000,
      "samplerate": 48000,
      "centroidhz": 7391.809652659688,
      "bandlow": 0.0028371701282647863,
      "bandmid": 0.3134099313228946,
      "bandhigh": 0.6837528985488406
    },
    "clang-c4": {
      "rmsdb": -23.61665048337862,
      "peakdb": -5.67925346801693,
      "length": 72000,
      "samplerate": 48000,
      "centroidhz": 7178.445269546676,
      "bandlow": 0.003257225387087836,
      "bandmid": 0.31829800514230383,
      "bandhigh": 0.6784447694706084
    },
    "metallic-c4": {
      "rmsdb": -16.28588697349389,
      "peakdb": 1.051010105978921,
      "length": 72000,
      "samplerate": 48000,
      "centroidhz": 7724.003000057271,
      "bandlow": 0.003503271302296662,
      "bandmid": 0.26634215626401314,
      "bandhigh": 0.7301545724336902
    },
    "algo0-c4": {
      "rmsdb": -27.587443362550786,
      "peakdb": -6.051402855926332,
      "length": 72000,
      "samplerate": 48000,
      "centroidhz": 8065.015161713777,
      "bandlow": 0.12269691244211663,
      "bandmid": 0.2813029626816915,
      "bandhigh": 0.5960001248761919
    },
    "algo1-c4": {
      "rmsdb": -27.5715066488076,
      "peakdb": -5.895883267500238,
      "length": 72000,
      "samplerate": 48000,
      "centroidhz": 7707.320841604778,
      "bandlow": 0.1178208902146895,
      "bandmid": 0.3003172868215741,
      "bandhigh": 0.5818618229637365
    },
    "algo2-c4": {
      "rmsdb": -27.53719160946921,
      "peakdb": -5.861882745647326,
      "length": 72000,
      "samplerate": 48000,
      "centroidhz": 7733.2020308810725,
      "bandlow": 0.14913364866265155,
      "bandmid": 0.2726060896063864,
      "bandhigh": 0.5782602617309621
    },
    "algo3-c4": {
      "rmsdb": -27.546727424076956,
      "peakdb": -5.975645867477169,
      "length": 72000,
      "samplerate": 48000,
      "centroidhz": 7534.4902067279945,
      "bandlow": 0.1379885010639085,
      "bandmid": 0.28739075171756756,
      "bandhigh": 0.5746207472185239
    },
    "algo4-c4": {
      "rmsdb": -27.57453969990275,
      "peakdb": -5.988841083746608,
      "length": 72000,
      "samplerate": 48000,
      "centroidhz": 7579.189885784905,
      "bandlow": 0.12372259424927846,
      "bandmid": 0.29971601011710947,
      "bandhigh": 0.5765613956336121
    },
    "algo5-c4": {
      "rmsdb": -27.579188898098685,
      "peakdb": -5.923724974856133,
      "length": 72000,
      "samplerate": 48000,
      "centroidhz": 7991.698035913729,
      "bandlow": 0.10990696885665686,
      "bandmid": 0.27823349240294104,
      "bandhigh": 0.611859538740402
    },
    "algo6-c4": {
      "rmsdb": -27.518124353381268,
      "peakdb": -5.923875497472157,
      "length": 72000,
      "samplerate": 48000,
      "centroidhz": 7446.183521530788,
      "bandlow": 0.1411416359632114,
      "bandmid": 0.3019242185899468,
      "bandhigh": 0.5569341454468418
    },
    "algo7-c4": {
      "rmsdb": -27.523652575602625,
      "peakdb": -5.877883908714972,
      "length": 72000,
      "samplerate": 48000,
      "centroidhz": 7139.752322294559,
      "bandlow": 0.1827160444494312,
      "bandmid": 0.26932223455607235,
      "bandhigh": 0.5479617209944965
    },
    "drum0-tick": {
      "rmsdb": -35.316371500964635,
      "peakdb": -6.928237644507279,
      "length": 60000,
      "samplerate": 48000,
      "centroidhz": 13957.144308805548,
      "bandlow": 0.00026590032391059974,
      "bandmid": 0.012565589548406251,
      "bandhigh": 0.9871685101276831
    },
    "drum1-tweet": {
      "rmsdb": -26.747672021521254,
      "peakdb": -4.4810336723410575,
      "length": 60000,
      "samplerate": 48000,
      "centroidhz": 13124.485285688488,
      "bandlow": 0.00025587798206263884,
      "bandmid": 0.022286459766412494,
      "bandhigh": 0.9774576622515248
    },
    "drum2-cowbell": {
      "rmsdb": -28.99573499530654,
      "peakdb": -7.064117253086692,
      "length": 60000,
      "samplerate": 48000,
      "centroidhz": 1041.6852765835786,
      "bandlow": 0.4296807209871109,
      "bandmid": 0.5273557609011916,
      "bandhigh": 0.0429635181116976
    },
    "drum3-clap": {
      "rmsdb": -68.85967361592749,
      "peakdb": -55.36121576056297,
      "length": 60000,
      "samplerate": 48000,
      "centroidhz": 7645.288299614413,