{
  "patches": {
    "square-c4": {
      "rmsdb": -16.423004997496328,
      "peakdb": -5.563725640378827,
      "length": 72000,
      "samplerate": 48000,
      "centroidhz": 2997.601690786445,
      "bandlow": 0.3997395452979221,
      "bandmid": 0.3555233072556926,
      "bandhigh": 0.24473714744638525
    },
    "pulse-c4": {
      "rmsdb": -15.470168630681504,
      "peakdb": -5.41148489931618,
      "length": 72000,
      "samplerate": 48000,
      "centroidhz": 4008.1196766362905,
      "bandlow": 0.3695749629361828,
      "bandmid": 0.3286089885796593,
      "bandhigh": 0.3018160484841578
    },
    "amsine-c4": {
      "rmsdb": -18.931339623680984,
      "peakdb": -5.444350302734817,
      "length": 72000,
      "samplerate": 48000,
      "centroidhz": 1596.1634487800857,
      "bandlow": 0.7534946926059772,
      "bandmid": 0.1377630973643887,
      "bandhigh": 0.10874221002963406
    },
    "fmsine-c4": {
      "rmsdb": -16.569647865298908,
      "peakdb": -4.300288096651468,
      "length": 72000,
      "samplerate": 48000,
      "centroidhz": 2950.397496599628,
      "bandlow": 0.51774630443663,
      "bandmid": 0.2747012943823028,
      "bandhigh": 0.20755240118106716
    },
    "fmsquare-c4": {
      "rmsdb": -15.020668660323597,
      "peakdb": -4.393804221656969,
      "length": 72000,
      "samplerate": 48000,
      "centroidhz": 3911.2813444916183,
      "bandlow": 0.3638331311866031,
      "bandmid": 0.34382314030722616,
      "bandhigh": 0.2923437285061707
    },
    "fmtriangle-c4": {
      "rmsdb": -17.928153330377462,
      "peakdb": -4.198396876423641,
      "length": 72000,
      "samplerate": 48000,
      "centroidhz": 2995.117884849162,
      "bandlow": 0.4865066447190219,
      "bandmid": 0.30534466944977684,
      "bandhigh": 0.2081486858312013
    },
    "fmsawtooth-c4": {
      "rmsdb": -21.36761750552733,
      "peakdb": -5.492623774400524,
      "length": 72000,
      "samplerate": 48000,
      "centroidhz": 3734.3440278072853,
      "bandlow": 0.26445583651189364,
      "bandmid": 0.43489396552270937,
      "bandhigh": 0.3006501979653968
    },
    "fatsawtooth-c4": {
      "rmsdb": -22.009990070822553,
      "peakdb": -6.42976378415411,
      "length": 72000,
      "samplerate": 48000,
      "centroidhz": 4676.452373851651,
      "bandlow": 0.1290173629912919,
      "bandmid": 0.4669706035885223,
      "bandhigh": 0.40401203342018577
    },
    "fatsine-c4": {
      "rmsdb": -19.24227748898331,
      "peakdb": -5.299268270582369,
      "length": 72000,
      "samplerate": 48000,
      "centroidhz": 3333.4195382625308,
      "bandlow": 0.5132680589163815,
      "bandmid": 0.24906931854891887,
      "bandhigh": 0.23766262253469952
    },
    "bells-c4": {
      "rmsdb": -21.752117609691997,
      "peakdb": -6.029529984142471,
      "length": 84000,
      "samplerate": 48000,
      "centroidhz": 11705.896482743075,
      "bandlow": 0.1948107672595166,
      "bandmid": 0.03748731994956363,
      "bandhigh": 0.7677019127909197
    },
    "doot-c4": {
      "rmsdb": -23.776821634069503,
      "peakdb": -5.997798443679029,
      "length": 72000,
      "samplerate": 48000,
      "centroidhz": 864.09333306005,
      "bandlow": 0.358610861853936,
      "bandmid": 0.6246983026969413,
      "bandhigh": 0.016690835449122702
    },
    "retro-c4": {
      "rmsdb": -22.49397295807329,
      "peakdb": -6.305786121189928,
      "length": 72000,
      "samplerate": 48000,
      "centroidhz": 7556.3770358333495,
      "bandlow": 0.0036990807274602075,
      "bandmid": 0.2760304399579782,
      "bandhigh": 0.7202704793145616
    },
    "buzz-c4": {
      "rmsdb": -23.536176258858333,
      "peakdb": -5.963624756323855,
      "length": 72000,
      "samplerate": 48000,
      "centroidhz": 7393.027997507596,
      "bandlow": 0.002560017328911408,
      "bandmid": 0.3134243217667607,
      "bandhigh": 0.6840156609043279
    },
    "clang-c4": {
      "rmsdb": -23.665743732815866,
      "peakdb": -5.50153314433949,
      "length": 72000,
      "samplerate": 48000,
      "centroidhz": 7182.176473397359,
      "bandlow": 0.0028213171618675986,
      "bandmid": 0.31837117459659675,
      "bandhigh": 0.6788075082415357
    },
    "metallic-c4": {
      "rmsdb": -16.19404946025576,
      "peakdb": 1.8983872402249138,
      "length": 72000,
      "samplerate": 48000,
      "centroidhz": 7721.405751365339,
      "bandlow": 0.000786406216764507,
      "bandmid": 0.2560893327357662,
      "bandhigh": 0.7431242610474693
    },
    "algo0-c4": {
      "rmsdb": -27.56273906838881,
      "peakdb": -5.904314071866005,
      "length": 72000,
      "samplerate": 48000,
      "centroidhz": 7683.404642808856,
      "bandlow": 0.12828905767626544,
      "bandmid": 0.2855280915855166,
      "bandhigh": 0.586182850738218
    },
    "algo1-c4": {
      "rmsdb": -27.566187750438857,
      "peakdb": -5.961900878172193,
      "length": 72000,
      "samplerate": 48000,
      "centroidhz": 7525.23484850043,
      "bandlow": 0.14831192173004218,
      "bandmid": 0.2812065730861208,
      "bandhigh": 0.570481505183837
    },
    "algo2-c4": {
      "rmsdb": -27.572072109984948,
      "peakdb": -5.928267400632567,
      "length": 72000,
      "samplerate": 48000,
      "centroidhz": 7617.348874002972,
      "bandlow": 0.13664286996292146,
      "bandmid": 0.2761968249460616,
      "bandhigh": 0.5871603050910169
    },
    "algo3-c4": {
      "rmsdb": -27.56890978845433,
      "peakdb": -6.078297318112815,
      "length": 72000,
      "samplerate": 48000,
      "centroidhz": 7646.691795259854,
      "bandlow": 0.13659883508784348,
      "bandmid": 0.28149887314594296,
      "bandhigh": 0.5819022917662137
    },
    "algo4-c4": {
      "rmsdb": -27.562684742148654,
      "peakdb": -5.985140277264243,
      "length": 72000,
      "samplerate": 48000,
      "centroidhz": 7529.470445675987,
      "bandlow": 0.13645327471562704,
      "bandmid": 0.29023228264354395,
      "bandhigh": 0.573314442640829
    },
    "algo5-c4": {
      "rmsdb": -27.58892724395946,
      "peakdb": -5.9712608358396295,
      "length": 72000,
      "samplerate": 48000,
      "centroidhz": 7729.021428989242,
      "bandlow": 0.1293125582244248,
      "bandmid": 0.29401162123729446,
      "bandhigh": 0.5766758205382808
    },
    "algo6-c4": {
      "rmsdb": -27.577375588907525,
      "peakdb": -5.9960863557846364,
      "length": 72000,
      "samplerate": 48000,
      "centroidhz": 8019.213195311963,
      "bandlow": 0.12229478854883061,
      "bandmid": 0.26242131331964896,
      "bandhigh": 0.6152838981315204
    },
    "algo7-c4": {
      "rmsdb": -27.587345844066505,
      "peakdb": -6.088426946770717,
      "length": 72000,
      "samplerate": 48000,
      "centroidhz": 7901.8394171056725,
      "bandlow": 0.1203405433527701,
      "bandmid": 0.2857218733318373,
      "bandhigh": 0.5939375833153926
    },
    "drum0-tick": {
      "rmsdb": -34.18167624314957,
      "peakdb": -4.751423214793544,
      "length": 60000,
      "samplerate": 48000,
      "centroidhz": 13802.675657898877,
      "bandlow": 0.00027752272894574084,
      "bandmid": 0.011840169947451587,
      "bandhigh": 0.9878823073236027
    },
    "drum1-tweet": {
      "rmsdb": -26.4590331294435,
      "peakdb": -5.127280642669897,
      "length": 60000,
      "samplerate": 48000,
      "centroidhz": 13319.602106329547,
      "bandlow": 0.0001809316070972217,
      "bandmid": 0.020009193075405555,
      "bandhigh": 0.9798098753174972
    },
    "drum2-cowbell": {
      "rmsdb": -28.99309022889163,
      "peakdb": -7.068803578820812,
      "length": 60000,
      "samplerate": 48000,
      "centroidhz": 1043.8029643467862,
      "bandlow": 0.42927790966697627,
      "bandmid": 0.5275455558107625,
      "bandhigh": 0.043176534522261355
    },
    "drum3-clap": {
      "rmsdb": -68.46654077575315,
      "peakdb": -55.35694294961089,
      "length": 60000,
      "samplerate": 48000,
      "centroidhz": 7715.2378825746155,