{
  "tone": {
    "windows": 36,
    "windowms": 46,
    "activewindows": 23,
    "silentwindows": 13,
    "peakrangeDb": 53.78620154092561,
    "rmsrangeDb": 36.236435420337685,
    "peakstdDb": 10.33664059456607,
    "rmsstdDb": 8.034616146735017,
    "creststdDb": 2.063448612854346,
    "overallpeakdb": -0.10933435333715118,
    "overallrmsdb": -20.101395298399446,
    "windowpeaksDb": [
      -0.10933435333715118,
      -3.162597163906451,
      -12.92058476593211,
      -21.136142144260525,
      -26.555828656044124,
      -29.272362673348123,
      -30.457577796207026,
      -30.457575639042552,
      -30.45757887478947,
      -30.457581031954746,
      -30.457577796207026,
      -30.457575099751516,
      -30.457581571246152,
      -30.45757833549823,
      -30.457575639042552,
      -30.457577796207026,
      -30.457581571246152,
      -30.45757887478947,
      -30.457576178333618,
      -30.45758049266338,
      -30.45758211053759,
      -33.04477056891347,
      -53.895535894262764,
      -75.17058723497796,
      -120,
      -120,
      -120,
      -120,
      -120,
      -120,
      -120,
      -120,
      -120,
      -120,
      -120,
      -120
    ],
    "windowrmsDb": [
      -6.536627168716652,
      -10.043493461009966,
      -19.428312117357844,
      -26.762368139474386,
      -30.95697586915041,
      -33.145873105684636,
      -33.469765003673764,
      -33.48460005426638,
      -33.49063129288885,
      -33.48464335920114,
      -33.469828583085295,
      -33.4540386934761,
      -33.445569696619714,
      -33.44884045413294,
      -33.46214692023192,
      -33.47852353453926,
      -33.4893247992705,
      -33.48880433503489,
      -33.47723984976054,
      -33.460780576683526,
      -33.58196840098832,
      -42.77306258905434,
      -63.289083083868974,
      -88.17634720145381,
      -120,
      -120,
      -120,
      -120,
      -120,
      -120,
      -120,
      -120,
      -120,
      -120,
      -120,
      -120
    ],
    "steadypeakrangeDb": 1.1852188978980287,
    "steadyrmsrangeDb": 0.3447581872042136,
    "steadypeakstdDb": 0.31582365304832477,
    "steadyrmsstdDb": 0.08826019560634707,
    "steadycwindows": 13
  },
  "sustain": {
    "peakdb": -30.457575099751516,
    "rmsdb": -33.467434151745366
  }
}
