{
  "patches": {
    "drum0-tick": {
      "rmsdb": -55.94196547361441,
      "peakdb": -22.200448900172578,
      "length": 55125,
      "samplerate": 44100,
      "centroidhz": 11118.882001831767,
      "bandlow": 0.024649993860357426,
      "bandmid": 0.1556995245039825,
      "bandhigh": 0.8196504816356601
    },
    "drum1-tweet": {
      "rmsdb": -45.36032141184285,
      "peakdb": -12.007648157511689,
      "length": 55125,
      "samplerate": 44100,
      "centroidhz": 11118.882001831767,
      "bandlow": 0.024649993860357426,
      "bandmid": 0.1556995245039825,
      "bandhigh": 0.8196504816356601
    },
    "drum2-cowbell": {
      "rmsdb": -41.022716016964,
      "peakdb": -14.6962361205331,
      "length": 55125,
      "samplerate": 44100,
      "centroidhz": 11118.882001831767,
      "bandlow": 0.024649993860357426,
      "bandmid": 0.1556995245039825,
      "bandhigh": 0.8196504816356601
    },
    "drum3-clap": {
      "rmsdb": -77.66994510158395,
      "peakdb": -69.99116975865904,
      "length": 55125,
      "samplerate": 44100,
      "centroidhz": 11118.882001831767,
      "bandlow": 0.024649993860357426,
      "bandmid": 0.1556995245039825,
      "bandhigh": 0.8196504816356601
    },
    "drum4-hisnare": {
      "rmsdb": -34.33370083107443,
      "peakdb": -4.343674561182757,
      "length": 55125,
      "samplerate": 44100,
      "centroidhz": 11118.882001831767,
      "bandlow": 0.024649993860357426,
      "bandmid": 0.1556995245039825,
      "bandhigh": 0.8196504816356601
    },
    "drum5-hiwood": {
      "rmsdb": -34.89588341489765,
      "peakdb": -9.211060651594336,
      "length": 55125,
      "samplerate": 44100,
      "centroidhz": 11118.882001831767,
      "bandlow": 0.024649993860357426,
      "bandmid": 0.1556995245039825,
      "bandhigh": 0.8196504816356601
    },
    "drum6-losnare": {
      "rmsdb": -32.613152432458286,
      "peakdb": -6.497681025205733,
      "length": 55125,
      "samplerate": 44100,
      "centroidhz": 11118.882001831767,
      "bandlow": 0.024649993860357426,
      "bandmid": 0.1556995245039825,
      "bandhigh": 0.8196504816356601
    },
    "drum7-tom": {
      "rmsdb": -33.45052747244023,
      "peakdb": -9.508283715669796,
      "length": 55125,
      "samplerate": 44100,
      "centroidhz": 11118.882001831767,
      "bandlow": 0.024649993860357426,
      "bandmid": 0.1556995245039825,
      "bandhigh": 0.8196504816356601
    },
    "drum8-lowwood": {
      "rmsdb": -32.89460574789112,
      "peakdb": -6.5737527708610095,
      "length": 55125,
      "samplerate": 44100,
      "centroidhz": 11118.882001831767,
      "bandlow": 0.024649993860357426,
      "bandmid": 0.1556995245039825,
      "bandhigh": 0.8196504816356601
    },
    "drum9-bass": {
      "rmsdb": -40.07946099139556,
      "peakdb": -10.446846278013576,
      "length": 66150,
      "samplerate": 44100,
      "centroidhz": 11118.882001831767,
      "bandlow": 0.024649993860357426,
      "bandmid": 0.1556995245039825,
      "bandhigh": 0.8196504816356601
    }
  }
}
